"Datum","Duisburg-Ruhrort","Kaub","Koeln","Mannheim"
"2026-09-26 01:00:00",134,1,45,55.5
"2026-09-26 02:00:00",133,1,45,56
"2026-09-26 03:00:00",131.75,1,45,56
"2026-09-26 04:00:00",131.5,1,45,56
"2026-09-26 05:00:00",131,1,45,56
"2026-09-26 06:00:00",131,0.5,45.5,56
"2026-09-26 07:00:00",131,0.25,45.5,55.25
"2026-09-26 08:00:00",130.5,0,45,55
"2026-09-26 09:00:00",131,-0.25,45,55.5
"2026-09-26 10:00:00",131.5,-0.75,45,56
"2026-09-26 11:00:00",131,-1,45,56
"2026-09-26 12:00:00",130.25,-1,45,56
"2026-09-26 13:00:00",130.25,-1,45,56.5
"2026-09-26 14:00:00",130.25,-2,44.25,56.75
"2026-09-26 15:00:00",130,-2,45,57
"2026-09-26 16:00:00",129.5,-2.5,44,57
"2026-09-26 17:00:00",129,-3,44,57.75
"2026-09-26 18:00:00",129,-3,44,58
"2026-09-26 19:00:00",128.5,-2.75,43.5,58
"2026-09-26 20:00:00",128,-2,43,59
"2026-09-26 21:00:00",127.5,-1.75,42.25,59
"2026-09-26 22:00:00",127,-2,43,59.75
"2026-09-26 23:00:00",127,-2,42.5,60
"2026-09-27 00:00:00",126,-1.5,42.75,60
"2026-09-27 01:00:00",126,-1.5,43,60
"2026-09-27 02:00:00",126,-1,43,60
"2026-09-27 03:00:00",125.75,-1,43,60.5
"2026-09-27 04:00:00",125,-1.5,43.25,61
"2026-09-27 05:00:00",125.25,-1,43,61
"2026-09-27 06:00:00",125,-2,43,61
"2026-09-27 07:00:00",125.75,-2,43,61
"2026-09-27 08:00:00",127.5,-2,43,61.25
"2026-09-27 09:00:00",127,-2,42.75,61.5
"2026-09-27 10:00:00",126.25,-2,42.5,61
"2026-09-27 11:00:00",128.75,-2,42,62
"2026-09-27 12:00:00",128.75,-2,42,61.75
"2026-09-27 13:00:00",126.75,-2.25,42,62
"2026-09-27 14:00:00",127,-2,42,62
"2026-09-27 15:00:00",127.5,-1.25,42,62
"2026-09-27 16:00:00",127.75,-0.75,41.25,62
"2026-09-27 17:00:00",126.75,0.25,41,62
"2026-09-27 18:00:00",125.25,0.75,40.75,62
"2026-09-27 19:00:00",125.25,1.5,40.25,61.5
"2026-09-27 20:00:00",124.75,2,40,61.25
"2026-09-27 21:00:00",124.5,2.75,40,61
"2026-09-27 22:00:00",124.25,3,40,61
"2026-09-27 23:00:00",123.75,3,40,61
"2026-09-28 00:00:00",123,3.25,40,60
"2026-09-28 01:00:00",123.25,3,40,60
"2026-09-28 02:00:00",122.5,3,40,60.25
"2026-09-28 03:00:00",122.75,3,40,59
"2026-09-28 04:00:00",122,3,40,59
"2026-09-28 05:00:00",122.25,3,40,59
"2026-09-28 06:00:00",122.25,2.25,40.25,58.5
"2026-09-28 07:00:00",122.5,2,40.5,58
"2026-09-28 08:00:00",122.25,2,40.25,57.75
"2026-09-28 09:00:00",122.25,2,40,57.75
"2026-09-28 10:00:00",124,2,40,57
"2026-09-28 11:00:00",125.5,2,40,56.5
"2026-09-28 12:00:00",124.5,2,40,56.25
"2026-09-28 13:00:00",123.5,1.25,40,56
"2026-09-28 14:00:00",123.75,1.25,40,55.75
"2026-09-28 15:00:00",124,1.25,40,55.25
"2026-09-28 16:00:00",124,1,40,55.25
"2026-09-28 17:00:00",123,0,40,55
"2026-09-28 18:00:00",123.25,0,40,55
"2026-09-28 19:00:00",123,0,40,54.5
"2026-09-28 20:00:00",123,0,40.5,54
"2026-09-28 21:00:00",122.75,0,40,54.5
"2026-09-28 22:00:00",122,0,40.25,54.5
"2026-09-28 23:00:00",121.5,0,40,54
"2026-09-29 00:00:00",121,0.75,40.5,54
"2026-09-29 01:00:00",121,1.75,41,54
"2026-09-29 02:00:00",120.75,2.75,41,54
"2026-09-29 03:00:00",120.75,3.75,41.75,53.75
"2026-09-29 04:00:00",120.5,4.25,42,54
"2026-09-29 05:00:00",120.75,5,42,53
"2026-09-29 06:00:00",120.25,5,43,53
"2026-09-29 07:00:00",121,5,43,53
"2026-09-29 08:00:00",121,5,43,53.5
"2026-09-29 09:00:00",120.75,5,42,53.5
"2026-09-29 10:00:00",121.25,4,42,53
"2026-09-29 11:00:00",121,4,42,53
"2026-09-29 12:00:00",121,3,42,53
"2026-09-29 13:00:00",121.75,2,42,52.75
"2026-09-29 14:00:00",122.75,1,42.5,52.25
"2026-09-29 15:00:00",122.75,0.75,43,52
"2026-09-29 16:00:00",122.75,0,43,52
"2026-09-29 17:00:00",122.75,-0.75,43,52
"2026-09-29 18:00:00",122.75,-1.25,43,51.5
"2026-09-29 19:00:00",122,-1.75,42.25,51
"2026-09-29 20:00:00",121.25,-2,42.5,51
"2026-09-29 21:00:00",121.5,-2,43,51
"2026-09-29 22:00:00",121.75,-2.75,43,51.25
"2026-09-29 23:00:00",121,-2,43,51
"2026-09-30 00:00:00",121.25,-2,43,51
"2026-09-30 01:00:00",121.25,-1.25,43,51
"2026-09-30 02:00:00",121.5,-0.75,43,51
"2026-09-30 03:00:00",121.75,0,43,50.75
"2026-09-30 04:00:00",121.75,0.25,43,50.25
"2026-09-30 05:00:00",122,1,43,50
"2026-09-30 06:00:00",122,1.25,43,50
"2026-09-30 07:00:00",121.75,1,43,50
"2026-09-30 08:00:00",122.5,1.25,43,50
"2026-09-30 09:00:00",123,1,42,50
"2026-09-30 10:00:00",126.5,1.25,42.75,50.25
"2026-09-30 11:00:00",127.25,0.25,43,50
"2026-09-30 12:00:00",125.5,0,42.75,50
"2026-09-30 13:00:00",125.25,-0.25,42.25,50
"2026-09-30 14:00:00",124.75,-1,42.75,50
"2026-09-30 15:00:00",124.5,-1,42.75,49.5
"2026-09-30 16:00:00",124.75,-1,42.75,49
"2026-09-30 17:00:00",123.75,-1.25,42,49
"2026-09-30 18:00:00",123.75,-2,42,49
"2026-09-30 19:00:00",123.25,-2,42,49
"2026-09-30 20:00:00",123,-2.75,42,49
"2026-09-30 21:00:00",122.75,-3,42,49.5
"2026-09-30 22:00:00",123.25,-3.75,42,49.5
"2026-09-30 23:00:00",122.75,-4,41.75,49.25
"2026-10-01 00:00:00",122.5,-5,41,49.25
"2026-10-01 01:00:00",123,-5,41,49
"2026-10-01 02:00:00",122.75,-5.25,41,49
"2026-10-01 03:00:00",122,-6,41,49
"2026-10-01 04:00:00",122,-6,41,49
"2026-10-01 05:00:00",123.25,-6,40.75,49
"2026-10-01 06:00:00",124.25,-6,40.75,49
"2026-10-01 07:00:00",123.5,-5.75,41,49
"2026-10-01 08:00:00",124,-5.75,40.5,49
"2026-10-01 09:00:00",124,-5,41.25,49
"2026-10-01 10:00:00",124,-5,41,49.25
"2026-10-01 11:00:00",124.75,-5,42,49.5
"2026-10-01 12:00:00",125.5,-4.75,42,50
"2026-10-01 13:00:00",125.75,-4.5,42,50
"2026-10-01 14:00:00",126.5,-4,43,50
"2026-10-01 15:00:00",126.75,-4,43.25,50
"2026-10-01 16:00:00",127,-4,44,50
"2026-10-01 17:00:00",127.75,-4,44,50.75
"2026-10-01 18:00:00",129.25,-4,44,51
"2026-10-01 19:00:00",131,-4,44,51
"2026-10-01 20:00:00",131.25,-4.25,44,51
"2026-10-01 21:00:00",131.25,-4,44,51.5
"2026-10-01 22:00:00",130.5,-4,44,51.75
"2026-10-01 23:00:00",130.25,-4,44,51.75
"2026-10-02 00:00:00",130.25,-4,45,52
"2026-10-02 01:00:00",130,-4,45,52
"2026-10-02 02:00:00",129.25,-4,45,52.75
"2026-10-02 03:00:00",129,-3,45,53.5
"2026-10-02 04:00:00",129,-2.75,45,54
"2026-10-02 05:00:00",129.5,-2.5,45.25,54
"2026-10-02 06:00:00",129.75,-2,45,54.5
"2026-10-02 07:00:00",130.75,-1.25,45.25,56.25
"2026-10-02 08:00:00",131,-1,45.25,57.5
"2026-10-02 09:00:00",131,-0.5,45,59.5
"2026-10-02 10:00:00",131.25,0,45.75,60.75
"2026-10-02 11:00:00",131.5,0.5,46,62
"2026-10-02 12:00:00",131.25,0,46,63.5
"2026-10-02 13:00:00",131.75,0,46.75,65
"2026-10-02 14:00:00",132,0.5,47,66.75
"2026-10-02 15:00:00",132.5,0,47,67
"2026-10-02 16:00:00",135,0,47.25,67
"2026-10-02 17:00:00",137,0,47.5,67
"2026-10-02 18:00:00",137.75,0,48,66.5
"2026-10-02 19:00:00",137,0,47.5,65
"2026-10-02 20:00:00",137.25,0,47.5,63.5
"2026-10-02 21:00:00",137.25,0,47.25,62.5
"2026-10-02 22:00:00",137.5,1,47.5,62
"2026-10-02 23:00:00",136.5,1,48,61
"2026-10-03 00:00:00",135,1.75,48,60.75
"2026-10-03 01:00:00",135.25,2.5,48,60
"2026-10-03 02:00:00",134,3,48,59.5
"2026-10-03 03:00:00",134,3.75,48,59
"2026-10-03 04:00:00",133.75,4.5,48,59
"2026-10-03 05:00:00",133,5.5,48,59
"2026-10-03 06:00:00",132.5,6.25,48,58.75
"2026-10-03 07:00:00",132.5,7.5,48,59
"2026-10-03 08:00:00",134,8,48,58.75
"2026-10-03 09:00:00",134,8.75,48,59
"2026-10-03 10:00:00",134,9.5,48,59.25
"2026-10-03 11:00:00",134,10.25,48.5,60.25
"2026-10-03 12:00:00",134,11,48,60.25
"2026-10-03 13:00:00",134,11,48,60.75
"2026-10-03 14:00:00",133.5,12.25,48,61.25
"2026-10-03 15:00:00",132.75,11.75,48.5,62
"2026-10-03 16:00:00",131.5,11,48.5,62.5
"2026-10-03 17:00:00",130.5,11.25,48.25,63
"2026-10-03 18:00:00",129.75,11,48,63.75
"2026-10-03 19:00:00",129.5,10.5,48,64.25
"2026-10-03 20:00:00",129.75,10.25,48,65
"2026-10-03 21:00:00",129.5,9.5,48,65.5
"2026-10-03 22:00:00",128.5,9,48,65.75
"2026-10-03 23:00:00",128.25,8.25,48,66
"2026-10-04 00:00:00",127.75,8,48.25,66
"2026-10-04 01:00:00",127.5,7,48,66
"2026-10-04 02:00:00",127,7,48.25,66
"2026-10-04 03:00:00",127,6.75,49,65.75
"2026-10-04 04:00:00",128.75,6.25,49,65
"2026-10-04 05:00:00",128.5,6,49,65
"2026-10-04 06:00:00",128,6,49.25,65
"2026-10-04 07:00:00",128.5,6,49,64.75
"2026-10-04 08:00:00",129.75,6,49.75,64
"2026-10-04 09:00:00",131,6,50,64
"2026-10-04 10:00:00",131.25,6.25,50,63.25
"2026-10-04 11:00:00",131.5,6.75,50.25,63
"2026-10-04 12:00:00",131,7,50,63
"2026-10-04 13:00:00",129.5,8,50.5,62.5
"2026-10-04 14:00:00",130,8,50.5,62
"2026-10-04 15:00:00",129.25,8.25,51,62
"2026-10-04 16:00:00",130.25,8.75,51,62
"2026-10-04 17:00:00",131.25,9,51,62
"2026-10-04 18:00:00",131.25,9.25,51.5,61
"2026-10-04 19:00:00",130.75,9,51.75,60
"2026-10-04 20:00:00",130.25,9,51.5,59.5
"2026-10-04 21:00:00",130,9,51.25,59
"2026-10-04 22:00:00",129.75,9,51,59.25
"2026-10-04 23:00:00",129.25,9.5,50.5,59
"2026-10-05 00:00:00",129,10,50.75,59
"2026-10-05 01:00:00",129,10,50,58.75
"2026-10-05 02:00:00",129,10,50,58.25
"2026-10-05 03:00:00",129,10,50,58
"2026-10-05 04:00:00",129.25,9.5,50,58
"2026-10-05 05:00:00",129.75,9,49.75,58
"2026-10-05 06:00:00",131,9.25,49.5,58.25
"2026-10-05 07:00:00",131,8.75,49.5,57.75
"2026-10-05 08:00:00",131.5,8,49,58
"2026-10-05 09:00:00",132,8,49.25,57.75
"2026-10-05 10:00:00",131.5,7.25,49.5,57.5
"2026-10-05 11:00:00",131.75,7,50,57.5
"2026-10-05 12:00:00",132,6,50,58
"2026-10-05 13:00:00",132,6,50,58.25
"2026-10-05 14:00:00",131.75,5.25,50,58
"2026-10-05 15:00:00",131,4.5,50.5,58
"2026-10-05 16:00:00",131.25,4,51,58
"2026-10-05 17:00:00",131.75,3,51,57.5
"2026-10-05 18:00:00",131.5,3,51,57
"2026-10-05 19:00:00",131.25,2,51,57
"2026-10-05 20:00:00",130.5,2,51,56.75
"2026-10-05 21:00:00",131.5,2,51,56
"2026-10-05 22:00:00",130.75,2.75,51,56
"2026-10-05 23:00:00",131,3,51,56
"2026-10-06 00:00:00",130.25,3,51,56
"2026-10-06 01:00:00",130.5,4,51,55.5
"2026-10-06 02:00:00",130,4,51,55
"2026-10-06 03:00:00",130,4,51,55
"2026-10-06 04:00:00",129.25,4,51,55
"2026-10-06 05:00:00",129,4,51,55
"2026-10-06 06:00:00",129.75,4,50.75,55
"2026-10-06 07:00:00",129.5,4,50.25,55
"2026-10-06 08:00:00",129.5,3,50,56
"2026-10-06 09:00:00",130,2.5,49.25,56
"2026-10-06 10:00:00",130.5,2,49,56
"2026-10-06 11:00:00",131,1.5,49,55.75
"2026-10-06 12:00:00",130,1,48,55
"2026-10-06 13:00:00",130.5,1.25,48,55
"2026-10-06 14:00:00",130.25,1,48,55
"2026-10-06 15:00:00",131.25,0.5,47,55
"2026-10-06 16:00:00",130.75,0,47,55.5
"2026-10-06 17:00:00",130.75,0,46.5,55
"2026-10-06 18:00:00",131.25,-1,45.75,55
"2026-10-06 19:00:00",132.5,-1,46,55.5
"2026-10-06 20:00:00",133.75,-1,46,56
"2026-10-06 21:00:00",134,-1,46,56
"2026-10-06 22:00:00",133.75,-1,45,56
"2026-10-06 23:00:00",133.25,-0.75,45,56
"2026-10-07 00:00:00",133,-0.25,45,56
"2026-10-07 01:00:00",133,0.25,44.75,56.25
"2026-10-07 02:00:00",132.75,1.5,45,56
"2026-10-07 03:00:00",132.75,2,45,56
"2026-10-07 04:00:00",132.5,3,45,56
"2026-10-07 05:00:00",132,3.5,44.75,56
"2026-10-07 06:00:00",131.25,4,44,56
"2026-10-07 07:00:00",131,4,44,56
"2026-10-07 08:00:00",131.25,3.5,44.25,56
"2026-10-07 09:00:00",130.75,3,44.25,56.5
"2026-10-07 10:00:00",131,2,44.5,56.75
"2026-10-07 11:00:00",130.75,2.25,44.5,56.25
"2026-10-07 12:00:00",130.5,2,44.25,56.5
"2026-10-07 13:00:00",129.75,1.5,44,56.75
"2026-10-07 14:00:00",130,1.25,44,56
"2026-10-07 15:00:00",128.75,1,44,55.75
"2026-10-07 16:00:00",128,1,44,55
"2026-10-07 17:00:00",127.5,0.75,43.5,54.5
"2026-10-07 18:00:00",127,0,43,54.25
"2026-10-07 19:00:00",127,0,42.5,53.75
"2026-10-07 20:00:00",127,-0.25,42.75,54
"2026-10-07 21:00:00",127,-1,43,54
"2026-10-07 22:00:00",127.75,-1.25,43,54
"2026-10-07 23:00:00",127.25,-2,42.75,54
"2026-10-08 00:00:00",127.75,-2,42,54
"2026-10-08 01:00:00",128,-2,43,54
"2026-10-08 02:00:00",128.75,-2,44,54
"2026-10-08 03:00:00",129.75,-2,44,54
"2026-10-08 04:00:00",132,-2,44,53.25
"2026-10-08 05:00:00",133.5,-2,44.25,53.5
"2026-10-08 06:00:00",134,-1,45,53.25
"2026-10-08 07:00:00",135.25,0,45,53.25
"2026-10-08 08:00:00",135.5,0,45,53.25
"2026-10-08 09:00:00",135.75,0,46,53.75
"2026-10-08 10:00:00",137.5,1,46,54
"2026-10-08 11:00:00",139.25,1,46.25,54.25
"2026-10-08 12:00:00",139.25,2,46.75,54.5
"2026-10-08 13:00:00",138.5,2,47.25,54
"2026-10-08 14:00:00",138.25,3,47,55
"2026-10-08 15:00:00",138,3,47,54.5
"2026-10-08 16:00:00",137.5,3,47,54
"2026-10-08 17:00:00",141.75,3,48,54
"2026-10-08 18:00:00",146.75,3.75,48,54
"2026-10-08 19:00:00",149.25,3,48,54.25
"2026-10-08 20:00:00",150.25,3,48,54.25
"2026-10-08 21:00:00",150,3,48,54
"2026-10-08 22:00:00",148.5,3,48,54
"2026-10-08 23:00:00",145,3,48,54.25
"2026-10-09 00:00:00",144.75,3,48.25,54.25
"2026-10-09 01:00:00",145,3,49,54.75
"2026-10-09 02:00:00",143.75,4.25,50,54.75
"2026-10-09 03:00:00",142.5,4,50,55
"2026-10-09 04:00:00",140.5,4,50.5,55
"2026-10-09 05:00:00",139.25,4.25,51.25,55
"2026-10-09 06:00:00",138.5,5,51,55
"2026-10-09 07:00:00",138,5,51,55.5
"2026-10-09 08:00:00",137.25,5.5,51.25,55.25
"2026-10-09 09:00:00",138.25,6,52,56
"2026-10-09 10:00:00",138.5,7,52.5,56
"2026-10-09 11:00:00",138.5,8.25,52,56
"2026-10-09 12:00:00",138.25,8.75,52.75,56
"2026-10-09 13:00:00",138.25,9.75,53,56.25
"2026-10-09 14:00:00",138.5,10,53,57
"2026-10-09 15:00:00",140.25,10.5,53.75,58
"2026-10-09 16:00:00",142,10.75,54,58.75
"2026-10-09 17:00:00",141,11,54,59.5
"2026-10-09 18:00:00",140.5,11,54.25,60.25
"2026-10-09 19:00:00",141,10.75,55,61
"2026-10-09 20:00:00",141,10,55,62
"2026-10-09 21:00:00",141.25,10.25,55.25,62.75
"2026-10-09 22:00:00",141.75,10,55,63
"2026-10-09 23:00:00",141,10,55.25,63.25
"2026-10-10 00:00:00",141.5,9,56,64
"2026-10-10 01:00:00",142,9,56,64
